MonLabel,MonSort
Feb 19,201902
Mar 19,201903
Apr 19,201904
May 19,201905
Jun 19,201906
Jul 19,201907
Aug 19,201908
Sep 19,201909
Oct 19,201910
Nov 19,201911
Dec 19,201912
Jan 20,202001
Feb 20,202002
Mar 20,202003
Apr 20,202004
May 20,202005
Jun 20,202006
Jul 20,202007
Aug 20,202008
Sep 20,202009
Oct 20,202010
Nov 20,202011
Dec 20,202012
Jan 21,202101
Feb 21,202102
Mar 21,202103
Apr 21,202104
May 21,202105
Jun 21,202106
Jul 21,202107
Aug 21,202108
Sep 21,202109
Oct 21,202110
Nov 21,202111
Dec 21,202112
Jan 22,202201
Feb 22,202202
Mar 22,202203
Apr 22,202204
May 22,202205
Jun 22,202206
Jul 22,202207
Aug 22,202208
Sep 22,202209
Oct 22,202210
Nov 22,202211
Dec 22,202212
Jan 23,202301
Feb 23,202302
Mar 23,202303
Apr 23,202304
May 23,202305
Jun 23,202306
Jul 23,202307
Aug 23,202308
Sep 23,202309
Oct 23,202310
Nov 23,202311
Dec 23,202312
Jan 24,202401
Feb 24,202402
Mar 24,202403
Apr 24,202404
May 24,202405
Jun 24,202406
Jul 24,202407
Aug 24,202408
Sep 24,202409
Oct 24,202410
Nov 24,202411
Dec 24,202412
Jan 25,202501
Feb 25,202502
Mar 25,202503
Apr 25,202504
May 25,202505
Jun 25,202506
Jul 25,202507
Aug 25,202508
Sep 25,202509
Oct 25,202510
Nov 25,202511
Dec 25,202512
Jan 26,202601
Feb 26,202602
Mar 26,202603
Apr 26,202604
May 26,202605
Jun 26,202606
Jul 26,202607
Aug 26,202608
Sep 26,202609
Oct 26,202610
